create database ASGPRJ
drop database ASGPRJ
CREATE TABLE [dbo].[Account](
	[uID] [varchar](20) NOT NULL,
	[username] [varchar](255) NULL,
	[password] [varchar](255) NULL,
	[isSeller] [int] NULL, 
	PRIMARY KEY ([uID])
);
GO

-- Table: Cart
CREATE TABLE [dbo].[Cart](
	[AccountID] [varchar](20) NULL,
	[ProductID] [varchar](20) NULL,
	[Amount] [int] NULL,
	FOREIGN KEY ([AccountID]) REFERENCES [dbo].[Account]([uID]),
	FOREIGN KEY ([ProductID]) REFERENCES [dbo].[Product]([id])
);
GO

-- Table: Category
CREATE TABLE [dbo].[Category](
	[cid] [varchar](20) NOT NULL,
	[cname] [nvarchar](50) NOT NULL,
	PRIMARY KEY ([cid])
)  
GO
drop table Prodcut
-- Table: Product
CREATE TABLE [dbo].[Product](
	[id] [varchar](20) NOT NULL,
	[name] [nvarchar](max) not NULL,
	[image] [nvarchar](max) NULL,
	[price] [money] NULL,
	[title] [nvarchar](max) NULL,
	[description] [nvarchar](max) NULL,
	[cateID] [varchar](20) not NULL,
	[quantity] int not null
	PRIMARY KEY  ([id]),
	FOREIGN KEY ([cateID]) REFERENCES [dbo].[Category]([cid]),
) ;

drop database ASGPRJ
INSERT [dbo].[Account] ([uID], [username], [password], [isSeller] ) VALUES ('ttphong', N'Phong', N'123456', 1)
INSERT [dbo].[Account] ([uID], [username], [password], [isSeller]) VALUES ('admin', N'Anjolie', N'admin', 0)
INSERT [dbo].[Account] ([uID], [username], [password], [isSeller]) VALUES ('hecker', N'Ferris', N'admin', 1)


INSERT [dbo].[Category]  (cid, cname) VALUES ('C001',N'Đồ cho chó');
INSERT [dbo].[Category]  (cid, cname) VALUES ('C002',N'Đồ cho mèo');
INSERT [dbo].[Category]  (cid, cname) VALUES ('C003',N'Chim cảnh');
INSERT [dbo].[Category]  (cid, cname) VALUES ('C004',N'Cá cảnh');
INSERT [dbo].[Category]  (cid, cname) VALUES ('C005',N'Hamster');
INSERT [dbo].[Category]  (cid, cname) VALUES ('C006',N'Dogs and cats');


INSERT [dbo].[Product]  (id, [name], [image], price, title, [description], cateID,quantity) VALUES ('P001',N'Thức ăn cho chó Becgie MKB All Life Stages Formula Nutrition','https://www.petmart.vn/wp-content/uploads/2020/11/thuc-an-cho-cho-becgie-mkb-all-life-stages-formula-nutrition.jpg','280000',N'Thức ăn cho chó Becgie MKB All Life Stages Formula Nutrition phù hợp với tất cả các giai đoạn phát triển của chó cưng',N'Thức ăn cho chó Becgie MKB All Life Stages Formula Nutrition được sản xuất dựa trên các nghiên cứu về đặc điểm xương hàm, cấu trúc miệng, thói quen nuốt và tốc độ ăn của chó cưng. Thức ăn dành riêng cho chó Becgie tái tạo hoàn toàn sức khỏe của thú cưng. Mang lại nhiều lợi ích to lớn như: Chăm sóc sức khỏe của cún cưng với công thức dinh dưỡng độc quyền. Chăm sóc da và lông cún cưng khỏe mạnh. Thành phần dinh dưỡng từ thịt cá, 23 loại axit béo (EPA và DHA) giúp lông chó mềm mượt, làn da khỏe mạnh. Cơ thể khỏe mạnh hỗ trợ tăng trưởng, hàm lượng Protein và Axit Amin được điều chỉnh khoa học, L-carnitine giúp tăng trưởng và phát triển thể chất. Kiểm soát độ nhạy cảm hệ tiêu hóa và hạn chế mùi phân.','C001',300);

INSERT [dbo].[Product]  (id, [name], [image], price, title, [description], cateID,quantity) VALUES ('P002',N'Xương cho chó vị thịt cừu và sữa VEGEBRAND Orgo Milk And Mutton Stick','https://www.petmart.vn/wp-content/uploads/2019/04/xuong-cho-cho-vi-thit-cuu-va-sua-vegebrand-orgo-milk-and-mutton-stick.jpg','85000',N'Xương cho chó vị thịt cừu và sữa VEGEBRAND Orgo Milk And Mutton Stick là sản phẩm dinh dưỡng dành cho tất cả các giống chó.',N'Xương cho chó vị thịt cừu và sữa VEGEBRAND Orgo Milk And Mutton Stick với thành phần từ thiên nhiên, không chứa chất bảo quản. Giúp cho hương vị trở nên thơm ngon hơn. Sữa bổ sung nhiều canxi, giúp xương chắc khỏe hơn. Xương gặm cho chó giúp làm sạch răng, loại bỏ 99% những mảng cao răng cứng đầu. Hơn nữa sản phẩm còn thúc đẩy hệ tiêu hóa, tránh những bệnh về đường ruột. Làm giảm mùi hôi miệng cho thú cưng. Sữa và thịt cừu ngon và dai, tốt cho răng và không dính vào răng. Chăm sóc lông và da luôn khỏe mạnh.','C001',300)

INSERT [dbo].[Product]  (id, [name], [image], price, title, [description], cateID,quantity) VALUES ('P003',N'Sữa tắm cho chó trị ve rận BBN Killing Mites Shampoo','https://www.petmart.vn/wp-content/uploads/2016/09/sua-tam-cho-cho-tri-ve-ran-bbn-killing-mites-shampoo.jpg','150000',N'Sữa tắm cho chó trị ve rận BBN Killing Mites Shampoo dành cho tất cả các giống chó.',N'Sữa tắm cho chó trị ve rận BBN Killing Mites Shampoo đặc biệt tốt cho những chú chó bị ve và nấm. Giúp cơ thể cún cưng trút bỏ các tế bào da sần sùi hoặc tế bào chết. Dầu tự nhiên 100% giúp làm sạch sâu và giữ ẩm cho lông và da chó của bạn. Giảm men, nguồn thức ăn của ve tối đa.Tất cả dầu gội tự nhiên và hữu cơ Pet Wash, công thức đặc biệt dành cho da khô, nhạy cảm, da và lông của chú chó của bạn. Là sản phẩm hoàn hảo cho những chú chó bị ngứa da do dị ứng hoặc da nhạy cảm. Khử mùi và giúp làm giảm nhiễm trùng da do nấm và vi khuẩn như viêm da & viêm da mủ. Hàm lượng chất Pectin cao hơn so với mức bình thường giúp nhanh chóng bổ sung thêm dinh dưỡng cho tế bào lông. Phục hồi hiệu quả sự đàn hồi của lông. Hàm lượng chất xơ Pectin có hiệu quả tối đa bảo vệ bề mặt lông của vật nuôi. Làm cho lông không bị ảnh hưởng bởi những tác động xấu từ môi trường bên ngoài. Giúp cho lông luôn giữ được màu gốc và sáng bóng. Sữa tắm cho chó với thành phần chiết xuất hoa quả, chất béo Jojoba. Vitamin C, A, B2, E và rutin, axit amin tự do. Axit chlorogenic, dầu Glycine, mỡ lông cừu, sợi thô tế bào dưa chuột, vitamin C, đường cam lộ… Tác dụng quan trọng: chống oxy hóa. Bổ sung nước cho lông nhanh chóng. Chiết xuất từ hoa quả nhập khấu chống oxy hóa, chứa nhiều thành phần tự nhiên phenon, Axit tannic và vitamin C, E, lông hấp thụ nhanh nhất. Bổ sung thành phần nước cho lông nhanh nhất.','C001',300)


INSERT [dbo].[Product]  (id, [name], [image], price, title, [description], cateID,quantity) VALUES ('P004',N'Khay vệ sinh cho chó MAKAR Dog Toilet Trays Small','https://www.petmart.vn/wp-content/uploads/2016/07/khay-ve-sinh-cho-cho-makar-dog-toilet-trays-small.jpg','220000',N'Khay vệ sinh cho chó MAKAR Dog Toilet Trays Small với thiết kế thông minh được làm từ 100% nhựa tổng hợp cao cấp an toàn với thú cưng và môi trường. Phù hợp với tất cả các giống chó và giới tính đực cái có trọng lượng dưới 5kg.',N'Khay vệ sinh cho chó MAKAR Dog Toilet Trays Small với tấm lưới lót để nước tiểu không bị vung vãi khắp nhà và làm ướt lông thú cưng. Phần khay lưới bên dưới chắc và không bị ăn mòn. Những chú chó con có thể đứng trên khay để đi vệ sinh dễ dàng và thuận tiện. Phần thành cao chống lại vi khuẩn, côn trùng và ngăn nước tiểu bắn ra ngoài. Đặc biệt, cún con sẽ đánh hơi được dễ dàng và xác định được vị trí để thải ra nhanh hơn. Dễ dàng trong việc hướng dẫn và huấn luyện. Khay vệ sinh cho chó MAKAR Dog Toilet Trays Small có thiết kế nhỏ gọn, đa dạng về kiểu dáng và màu sắc. Bạn có thể lựa chọn gam màu phù hợp với không gian nơi ở của mình. Việc vệ sinh cũng trở lên đơn giản hơn với chất liệu nhựa. Bạn có thể dễ dàng khử mùi và làm sạch chúng. Và yên tâm vì cún cưng sẽ không còn đi vệ sinh bừa bãi nữa.','C001',300)
 
INSERT [dbo].[Product]  (id, [name], [image], price, title, [description], cateID,quantity) VALUES ('P005',N'Thuốc tẩy giun cho chó BAYER Drontal Plus Flavour','https://www.petmart.vn/wp-content/uploads/2017/02/thuoc-tay-giun-cho-cho-bayer-drontal-plus-flavour1.jpg','55000',N'Thuốc tẩy giun cho chó BAYER Drontal Plus Flavour For Dogs điều trị đa nhiễm giun tròn, giun đũa, giun tóc, giun móc và sán dây.',N'Thuốc tẩy giun cho chó BAYER Drontal Plus Flavour For Dogs điều trị đa nhiễm giun tròn, giun đũa, giun tóc, giun móc và sán dây. Giúp tẩy xổ tất cả những loài giun trưởng thành và ấu trùng nguy hiểm trên chó gây co cơ, liệt cơ làm giun không bám được vào vật chủ, còn Febantel cản trở giun sử dụng năng lượng cho các hoạt động làm giun chết nhanh. Giải quyết những vấn đề gây rối loạn tiêu hóa, bỏ ăn, có hiện tượng mệt mỏi do giun quấy phá.','C001',200)

INSERT [dbo].[Product]  (id, [name], [image], price, title, [description], cateID,quantity) VALUES ('P006',N'Chuồng sắt gấp cho chó mèo PAW Collapsible Crate','https://www.petmart.vn/wp-content/uploads/2014/05/chuong-sat-gap-cho-meo-nan-cung-paw-collapsible-crate67.jpg','500000',N'Chuồng sắt gấp cho chó mèo nan cứng PAW Collapsible Crate sơn tĩnh điện là sản phẩm chuồng di động, dễ dàng gấp gọn phù hợp với tất cả giống chó và mèo.',N'Chuồng sắt gấp cho chó mèo nan cứng PAW Collapsible Crate dễ dàng tháo lắp và di chuyển. Có 2 cánh cửa ngang và cửa trên dễ dàng cho thức ăn vào hoặc di chuyển thú cưng.Khay vệ sinh bên dưới hoàn toàn có thể kéo ra để vệ sinh dễ dàng hơn. Cấu trúc chắc chắn, thông thoáng phù hợp cho tất cả các giống chó và mèo. Chuồng sắt cho chó mèo vừa có trọng lượng lại vừa có chất lượng, trọng lượng gấp 2 lần trọng lượng các sản phẩm cùng loại, thiết kế chặt chẽ. Sản phẩm chuyên dùng cho thú cưng, bên ngoài vừa thời trang vừa hữu dụng, còn có thể biến đổi thành hàng rào. Chỉ cần với 1 mức giá mà bạn đã mang về sản phẩm với 2 tính năng. Chuồng sắt cho chó mèo với khoảng cách giữa các nan dày của chuồng là 1cm, khoảng cách như vậy ngăn chặn hiệu quả việc chân thú cưng lọt xuống dưới hoặc bị kẹp lại (thiết kế vô cùng tinh tế). Kỹ thuật hàn tỉ mỉ, chỗ mối hàn nhẵn, đẹp, không gây xước da. Ren chắc, bền, có tác dụng cố định chuồng, để chuồng kiên cố không bị rung lắc. Khi mở cửa thì nâng chuôi then cửa lên thì mới có thể dễ dàng mở cửa. Khi đóng cửa thì để chuôi theo chốc xuống dưới, như thế chú chó nhà bạn mới không mở được cửa. Thiết kế đặt khay nhựa ở dưới cùng, đặt khay ở dưới có thể thuận tiện cho việc làm sạch, khi mà làm sạch chuồng thì khay cũng không dễ bị trơn tuột, làm bẩn khu vực xung quanh.','C006',300)

INSERT [dbo].[Product]  (id, [name], [image], price, title, [description], cateID, quantity) VALUES ('P007',N'Túi đựng chó mèo ANIME hình họa tiết White Cats','https://www.petmart.vn/wp-content/uploads/2016/09/tui-dung-cho-meo-anime-hinh-hoa-tiet-white-cats.jpg','300000',N'Túi đựng chó mèo ANIME hình họa tiết White Cats phù hợp với tất cả giống chó và mèo.',N'Túi đựng chó mèo ANIME hình họa tiết White Cats được dùng khi ra đường, đi chơi rất tiện lợi, an toàn và tạo cảm giác thoải mái cho vật nuôi. Chất liệu túi không thấm nước và dễ làm vệ sinh làm sạch. Dễ dàng tháo gấp gọn lại khi cần. Màu sắc, kích thước & kiểu dáng đa dạng để khách hàng lựa chọn.','C006',200)
delete from Product where id like 'P%'
delete from Category where cid='C001'
 select * from Product

 select * from Product where cateID='C001' or  cateID='C006'

 
INSERT [dbo].[Product]  (id, [name], [image], price, title, [description], cateID, quantity) VALUES ('P008',N'Thuốc nhỏ gáy trị ve rận cho chó dưới 10kg MERIAL Frontline Plus','https://www.petmart.vn/wp-content/uploads/2013/02/thuoc-nho-gay-tri-ve-ran-cho-cho-duoi-10kg-merial-frontline-plus.jpg','210000',N'Thuốc nhỏ gáy trị ve rận cho chó dưới 10kg MERIAL Frontline Plus. Phù hợp với tất cả các giống chó có trọng lượng dưới 10kg và từ 2 tháng tuổi trở lên. Có thể sử dụng cho chó đang mang thai và nuôi con bú.',N'Thuốc nhỏ gáy trị ve rận cho chó dưới 10kg MERIAL Frontline Plus đáp ứng tất cả nhu cầu đó của bạn. MERIAL Frontline Plus sẽ giúp bạn thật an tâm khi thú cưng sạch rận bọ mà lại an toàn. Đặc biệt, Frontline là thuốc trị rận nhỏ gáy duy nhất có tác dụng tiêu diệt ve rận trên cơ thể chó mèo. Sử dụng MERIAL Frontline Plus để nhỏ vào gáy, ở vị trí đặc biệt này các bé sẽ không thể liếm được thuốc. Lượng thuốc sử dụng rất nhỏ nên không làm lông thú bị ướt nhiều. Thuốc tự lan tỏa ra khắp cơ thể thú cưng sau khi được nhỏ sau đó được thấm và lưu trữ ở lớp mỡ của thú cưng để duy trì tác dụng trong thời gian dài, ngay cả khi bạn tắm, hay cạo lông của bé. Ngoài ra, thuốc nhỏ gáy trị ve rận cho chó dưới 10kg MERIAL Frontline Plus có thể trị được cả trứng rận.','C001',200)
INSERT [dbo].[Product]  (id, [name], [image], price, title, [description], cateID, quantity) VALUES ('P009',N'Lược chải lông chó mèo đầu lưỡi mềm BOBO Pet Comb','https://www.petmart.vn/wp-content/uploads/2016/08/luoc-chai-long-cho-meo-dau-luoi-mem-bobo-pet-comb7.jpg',85000,N'Lược chải lông chó mèo đầu lưỡi mềm BOBO Pet Comb sử dụng cho tất cả các giống cho mèo lông thẳng và lông xoăn.',N'Lược chải lông chó mèo đầu lưỡi mềm BOBO Pet Comb giúp cho thú cưng nhà bạn có bộ lông đẹp ngay tại nhà. Với phần cán bằng inox chắc chắn. Tay cầm vừa vặn có lớp nhựa chống trơn trượt. Bạn có thể dễ dàng sử dụng, chải từng lớp lông rối, rụng của thú cưng một cách hiệu quả. Loại bỏ hầu hết các phần lông chết trên cơ thể của cún cưng. Không gây kích ứng da và cảm giác khó chịu. Phần răng lược mềm mại tạo cảm giác thoải mái nhất cho những người bạn 4 chân.','C006',300)
INSERT [dbo].[Product]  (id, [name], [image], price, title, [description], cateID, quantity) VALUES ('P010',N'Cát vệ sinh hữu cơ cho mèo CATS BEST Original','https://www.petmart.vn/wp-content/uploads/2020/12/cats-best-original.jpg',250000,N'Cát vệ sinh hữu cơ cho mèo CATS BEST Original vón cục, thấm hút chất lỏng gấp 7 lần thể tích cát, khóa chặt mùi hôi và vi khuẩn trong một thời gian dài nhờ hệ thống mao dẫn của sợi cây, giải pháp tiết kiệm và an toàn cho cả người, mèo và môi trường.',N'Cát vệ sinh cho mèo hữu cơ CATS BEST Original – Khóa chặt mùi hôi và vi trùng. Công nghệ JRS-ORGANIC FIBRE700 có chức năng như một chiếc bẫy mùi hôi và vi trùng, nhanh chóng thấm hút chất lỏng và mùi hôi, khóa chúng lại trong một thời gian dài nhờ hệ thống mao dẫn siêu tốt của sợi cây. Nhờ vậy, mùi hôi không bị phát tán ra ngoài mà không cần dùng bất kỳ hóa chất nào.','C002',300)
INSERT [dbo].[Product]  (id, [name], [image], price, title, [description], cateID, quantity) VALUES ('P011',N'Bộ kìm cắt móng chó mèo kèm mài dũa PAW For Large Pet Nail Trimmer','https://www.petmart.vn/wp-content/uploads/2023/06/bo-kim-cat-mong-cho-meo-kem-mai-dua-paw-for-large-pet-nail-trimmer.jpg',115000,N'Bộ kìm cắt móng chó mèo kèm mài dũa PAW For Large Pet Nail Trimmer',N'Bộ kìm cắt móng chó mèo kèm mài dũa PAW For Large Pet Nail Trimmer','C006',100)
INSERT [dbo].[Product]  (id, [name], [image], price, title, [description], cateID, quantity) VALUES ('P012',N'Nhà cây cho mèo Cat Tree CT005','https://www.petmart.vn/wp-content/uploads/2019/04/nha-cay-cho-meo-cat-tree-ct005.jpg',5800000,N'Nhà cây cho mèo Cat Tree CT005 đơn giản mà tinh tế với chân đế vững chắc kết hợp với một trụ ổ kín đáo và cột cào móng sẽ giúp cho chú mèo của ban có đầy đủ nhất những điều kiện cần thiết giúp chúng cảm thấy yên tâm và vui vẻ hơn. Sản phẩm có thể tháo lắp để vệ sinh dễ dàng, tiện lợi.',N'Nhà cây cho mèo Cat Tree CT005 là món đồ chơi, giường ổ nệm có nhiều lợi ích khác nhau. Phục vụ cho bản năng tự nhiên của mèo. Được thiết kế để trở thành một chung cư cao cấp tạo cảm giác an toàn. Với các lỗ hình khối và trụ cào móng có độ cao khác nhau để cho phép thú cưng của bạn nhảy nhót và vui đùa, nghỉ ngơi ngay tại vị trí. Có thể giúp giữ thú cưng không cắn phá đồ nội thất đắt tiền của bạn. Trụ cào an toàn, không gây xước và tổn thương tới bộ móng của mèo. Có rất nhiều tầng xếp để mèo cưng có thể chơi đùa cả ngày mà không biết chán. Kích thước: 95 x 65 x 200cm. Trọng lượng: 15kg.','C002',50)

INSERT [dbo].[Product]  (id, [name], [image], price, title, [description], cateID, quantity) VALUES ('P013',N'Nhà cây cho mèo Cat Tree QQ80362-3','https://www.petmart.vn/wp-content/uploads/2015/10/nha-cay-cho-meo-cat-tree-qq80362-3.jpg',700000,N'Nhà cây cho mèo Cat Tree QQ80362-3 hay còn gọi là cat stand, cat condo. Có thể hiểu như một ngôi nhà, một sân chơi, một phòng tập thể hình dành cho Mèo yêu tận hưởng những giây phút thư giãn, giải trí.',N'Nhà cây cho mèo Cat Tree QQ80362-3 là món đồ chơi hấp dẫn mèo cưng chơi đùa, nghỉ ngơi. Mèo có thể ngủ 14 tiếng một ngày trong cat tree. Thậm chí chơi đùa không biết mệt mỏi với những món đồ lúc lắc treo trên đỉnh tháp. Hoặc có thể leo lên leo xuống như bạn tập trên máy chạy bộ. Với thảm cào dạng cong giúp mèo mài móng, vận động thoải mái ở mọi tư thế. Điều này giúp Mèo giảm được những nguy cơ mắc các bệnh béo phì, chán ăn hoặc bị stress do lười vận động hoặc không có ai chơi đùa cùng chúng. Kích thước: 36 x 31 x 59 (cm). Trọng lượng: 3 (kg).','C002',60)
INSERT [dbo].[Product]  (id, [name], [image], price, title, [description], cateID, quantity) VALUES ('P014',N'Túi đựng chó mèo ANIME nhựa trong','https://www.petmart.vn/wp-content/uploads/2019/05/tui-dung-cho-meo-anime-nhua-trong.jpg',300000,N'Túi đựng chó mèo ANIME nhựa trong phù hợp với tất cả giống chó và mèo cỡ nhỏ.',N'Túi đựng chó mèo nhựa trong được sử dụng khi ra đường, đi chơi rất tiện lợi, an toàn và tạo cảm giác thoải mái cho vật nuôi Chất liệu túi không thấm nước và dễ làm vệ sinh làm sạch. Dễ dàng tháo gấp gọn lại khi cần. Màu sắc, kích thước & kiểu dáng đa dạng để khách hàng lựa chọn Kích thước Túi đựng chó mèo ANIME nhựa trong có nhiều họa tiết cho bạn lựa chọn: Size S: 32 x 17 x 18cm. Size M: 40 x 22 x 23cm . Size L: 45 x 23 x 26cm.','C006',200)
INSERT [dbo].[Product]  (id, [name], [image], price, title, [description], cateID, quantity) VALUES ('P015',N'Lồng chuột hamster 3 tầng(23x17x44cm)','https://salt.tikicdn.com/cache/750x750/ts/product/76/89/97/8b65a0d69fec8117b1025e6c65c8698e.jpg.webp',225000,N'Lồng chuột hamster 3 tầng(23x17x44cm)',N'Lồng chuột hamster 3 tầng(23x17x44cm) Kích thước lồng : 23x17cmx44cm. Lồng : Gồm phần thân lồng và nắp lồng. Thân lồng bằng nhựa với nhiều màu sắc khác nhau, cứng cáp , chắc chắn Nắp lồng bằng sắt được sơn trắng, có thiết kế nắp thuận tiện đóng mở và vệ sinh. Bánh xe chạy đồ chơi, đường kính 10cm, giúp Hamster vừa sinh hoạt vừa vui chơi giải trí. Khay đựng thức ăn cho Hamster. Bình đựng nước','C005',200)
INSERT [dbo].[Product]  (id, [name], [image], price, title, [description], cateID, quantity) VALUES ('P016',N'THỨC ĂN TRỘN CAO CẤP CHO HAMSTER Túi Zip 400g','https://salt.tikicdn.com/cache/750x750/ts/product/f6/ee/b4/db21cdd1bccebba423f3bc613dfe5ee7.jpg.webp',32000,N'️ Thức Ăn Hamster ( Bao Gồm Các Loại Đậu Hạt , Ngũ Cốc , Thức Ăn Trộn ) Đã Qua Công Đoạn Xử Lý ( Mục đích để Chống Mối Mọt & Ẩm mốc ) = Thức ăn không còn hơi nước nên sẽ nhẹ hơn',N'Ngoài các loại hạt và ngũ cốc cơ bản còn được bổ sung bánh mài răng và kaytee kẹo vitamin Thái cho khẩu phần ăn hằng ngày của các bé hấp dẫn hơn, đa dạng hương vị = kích thích các bé ăn nhiều hơn ngon miệng hơn','C005',300)
INSERT [dbo].[Product]  (id, [name], [image], price, title, [description], cateID, quantity) VALUES ('P017',N'Bình chân không 60ml cho Hamster','https://salt.tikicdn.com/cache/750x750/ts/product/79/6d/e1/7d377b8e749be046dd0fef4e6eb1cf36.jpg.webp',30000,N'Bình chân không 60ml cho hamster',N'Bình nước chân không có dung tích 60ml Thích hợp lắp lồng nhỏ, có thể cho hamster uống nước trong 2,3 ngày. Sản phẩm bao gồm: Bình đựng, ống thủy tinh, giá lắp bình. Sản phẩm sẽ được shop thử nước trước khi gửi nên các bạn yên tâm nha.','C005',300)
INSERT [dbo].[Product]  (id, [name], [image], price, title, [description], cateID, quantity) VALUES ('P018',N'Lót Chuồng Cho Hamster (Chuột/Chim/Bò sát/Sóc)','https://salt.tikicdn.com/cache/750x750/ts/product/41/c6/a9/7e89dfb7a9e0258448918ced5d7bd584.jpg.webp',44000,N'Vật liệu làm tổ cho thú cưng Chipsi Nesting Bed vừa dùng làm lót chuồng, vừa dùng cho các hoạt động đào hàng, xây tổ, vui chơi của thú nhỏ. ',N'Vật liệu làm tổ cho thú cưng Chipsi Nesting Bed vừa dùng làm lót chuồng, vừa dùng cho các hoạt động đào hàng, xây tổ, vui chơi của thú nhỏ. ','C005',300)
INSERT [dbo].[Product]  (id, [name], [image], price, title, [description], cateID, quantity) VALUES ('P019',N'Thức ăn Hamster cao cấp,hạt trộn tổng hợp dinh dưỡng Crispy Muesli','https://down-vn.img.susercontent.com/file/5488caf1edb7a337c33c8c122dc5c57e',230000,N'Thức ăn Hamster cao cấp , hạt trộn tổng hợp dinh dưỡng Crispy Muesli hamster Co hãng Versele Laga made Bỉ vỗ béo 1kg Hỗn hợp chất lượng ngon, giàu protein : Hamster mini ,Hamster Bear ,Rat ,Gerbil , Dormouse ,... Phong phú với viên Hạnh phúc & Khỏe mạnh để có thể trạng tối ưu Dễ sử dụng nhờ gói tươi có thể đóng lại tiện dụng',N'THÀNH PHẦN ngũ cốc (40%), hạt giống, các dẫn xuất có nguồn gốc thực vật, rau, quả hạch, trái cây, chiết xuất protein thực vật, khoáng chất, dầu và chất béo, đường PHỤ GIA DINH DƯỠNG vitamin A 9700 IU, vitamin D3 1550 IU, vitamin E 39 mg, 3b103 (sắt) 46 mg, 3b202 (i-ốt) 1,5 mg, 3b405 (đồng) 8 mg, 3b502 (mangan) 60 mg, 3b603 (kẽm) 55 mg, 3b801 (selen) 0,1 mg','C005',399)
INSERT [dbo].[Product]  (id, [name], [image], price, title, [description], cateID, quantity) VALUES ('P020',N'Đồ chơi YIYU điện tử xoay 360 độ cho chuột hamster','https://down-vn.img.susercontent.com/file/a69809d6b528252583939b757b983227',150000,N'Đồ chơi YIYU điện tử xoay 360 độ cho chuột hamster',N'Kích thước: 15,5 * 9,5 * 20 cm Số lượng: 1 Gói hàng bao gồm: 1 * Đồ chơi xe máy Màu sắc: be / xanh dương / xanh lá / xám Chất Liệu: PP Nguồn điện: sử dụng ba pin AA (không bao gồm pin trong gói) Đồ chơi xe máy cho hamster/ thú cưng chạy điện mini 360 độ sáng tạo ngộ nghĩnh','C005',300)

INSERT [dbo].[Product]  (id, [name], [image], price, title, [description], cateID, quantity) VALUES ('P021',N'Nano Xstrong - xử lý nấm cho cá cảnh, làm trong nước bể cá','https://down-vn.img.susercontent.com/file/62453126c5aa5ddaeed26de5502a5d6e',200000,N'https://down-vn.img.susercontent.com/file/62453126c5aa5ddaeed26de5502a5d6e',N'CÔNG DỤNG CỦA NANO BẠC: D.iệt hầu hết các loại vi kh.uẩn, nấm mốc, tảo lam, tảo roi, tảo vàng,... Xử lý và cải tạo môi trường nuôi Phòng và d.iệt khuẩn, nguồn bệnh trong ao nuôi, ổn định màu nước Khử mùi hôi tanh và hạn chế hiện tượng tôm, cá nổi đầu Tăng sức đề kháng cho tôm, cá. An toàn tuyệt đối cho người và thủy sinh. Trộn vào thức ăn giúp ngừa bệnh đường ruột, gan, mật, nội ký sinh trùng, kích thích ăn ngon, kích thích tăng trưởng, chóng lớn và không để lại dư lượng độc hại cũng như tăng mạnh hệ miễn dịch. ','C004',333)
INSERT [dbo].[Product]  (id, [name], [image], price, title, [description], cateID, quantity) VALUES ('P022',N'Tảo bột cho cá cảnh - thức ăn cá tép cảnh - tảo nuôi bobo artemia ','https://down-vn.img.susercontent.com/file/28b11c13b5087c3a1f2957ef754a2d0e',23000,N'Tảo bột cho cá cảnh - thức ăn cá tép cảnh - tảo nuôi bobo artemia giá tốt ',N' Tảo bột cho cá cảnh - thức ăn cá tép cảnh - tảo nuôi bobo artemia giá tốt .  Tảo bột cho cá cảnh - thức ăn cá tép cảnh - tảo nuôi bobo artemia giá tốt ','C004',300)
INSERT [dbo].[Product]  (id, [name], [image], price, title, [description], cateID, quantity) VALUES ('P023',N'Giá Đỡ Huấn Luyện Chim Cảnh Tiện Dụng','https://down-vn.img.susercontent.com/file/sg-11134201-7qvg1-lj44h90f2hdf92',40000,N'Giá Đỡ Huấn Luyện Chim Cảnh Tiện Dụng',N'Thích hợp cho chim vừa và nhỏ đứng hoặc nghỉ ngơi trong lồng, giảm bớt sự buồn chán và cải thiện mức độ hoạt động  Làm bằng gỗ tự nhiên và nhựa cao cấp, bền, không có mùi đặc biệt, an toàn cho chim của bạn Dễ dàng lắp đặt, đồ chơi chim có thể dễ dàng lắp ráp Cung cấp cho thú cưng của bạn một nơi an toàn và thoải mái để chơi và tập thể dục Cho chú chim của bạn đứng lên và nghỉ ngơi, giải tỏa sự buồn chán và tăng thêm niềm vui cho hoạt động Kích Thước: 15x17x23.4cm','C003',200)
INSERT [dbo].[Product]  (id, [name], [image], price, title, [description], cateID, quantity) VALUES ('P024',N'Bình Đựng Nước Uống Tự Động Dung Tích 200ml Cho Chim Cảnh','https://down-vn.img.susercontent.com/file/sg-11134201-7qvdw-lj459fbardhce0',30000,N'Tên: Bộ nạp tự động  Đối tượng áp dụng: hồ cá Kích thước: miệng chai lớn đường kính 5cm, cao 12cm Chất liệu: nhựa',N'- Phù hợp với các kẽ hở của lồng chim.  Cấp nước uống tự động, không cần thao tác thủ công, thao tác sử dụng vật tư nuôi gia cầm rất đơn giản. Thích hợp cho: chim nhỏ, chim cảnh, vẹt, chim bồ câu, v.v. Kích Thước: miệng chai lớn đường kính 5cm, cao 12cm Dung lượng lớn: không cần nạp lại thường xuyên. Dễ dàng lắp ráp và phổ biến: chỉ mất vài phút để thiết lập và tháo rời để vệ sinh và bảo trì.','C003',200)
 